time,timestamp,info,logid,timetaken
1479686433.000000,"2019-11-21 16:00:33","INFO","REGISTER","1156"
1479686433.000000,"2019-11-21 16:00:33","INFO","SIGN_HY","9"
1479686435.000000,"2019-11-21 16:00:35","INFO","SIGN_HY","15"
1479686438.000000,"2019-11-21 16:00:38","INFO","SIGN_HY","19"
1479686440.000000,"2019-11-21 16:00:40","INFO","SIGN_HY","23"
1479686442.000000,"2019-11-21 16:00:42","INFO","SIGN_HY","5"
1479686444.000000,"2019-11-21 16:00:44","INFO","SIGN_HY","7"
1479686447.000000,"2019-11-21 16:00:47","INFO","SIGN_HY","7"
1479686449.000000,"2019-11-21 16:00:49","INFO","SIGN_HY","4"
1479686451.000000,"2019-11-21 16:00:51","INFO","SIGN_HY","11"
1479686454.000000,"2019-11-21 16:00:54","INFO","SIGN_HY","5"
1479686456.000000,"2019-11-21 16:00:56","INFO","SIGN_HY","13"
1479686458.000000,"2019-11-21 16:00:58","INFO","SIGN_HY","4"
1479686460.000000,"2019-11-21 16:01:00","INFO","SIGN_HY","5"
1479686463.000000,"2019-11-21 16:01:03","INFO","SIGN_HY","12"
1479686465.000000,"2019-11-21 16:01:05","INFO","SIGN_HY","10"
1479686467.000000,"2019-11-21 16:01:07","INFO","SIGN_HY","8"
1479686469.000000,"2019-11-21 16:01:09","INFO","SIGN_HY","6"
1479686472.000000,"2019-11-21 16:01:12","INFO","SIGN_HY","9"
1479686474.000000,"2019-11-21 16:01:14","INFO","SIGN_HY","4"
1479686476.000000,"2019-11-21 16:01:16","INFO","SIGN_HY","11"
1479686478.000000,"2019-11-21 16:01:18","INFO","SIGN_HY","4"
1479686481.000000,"2019-11-21 16:01:21","INFO","SIGN_HY","14"
1479686483.000000,"2019-11-21 16:01:23","INFO","SIGN_HY","5"
1479686485.000000,"2019-11-21 16:01:25","INFO","SIGN_HY","3"
1479686488.000000,"2019-11-21 16:01:28","INFO","SIGN_HY","4"
1479686490.000000,"2019-11-21 16:01:30","INFO","SIGN_HY","3"
1479686492.000000,"2019-11-21 16:01:32","INFO","SIGN_HY","3"
1479686494.000000,"2019-11-21 16:01:34","INFO","SIGN_HY","7"
1479686497.000000,"2019-11-21 16:01:37","INFO","SIGN_HY","3"
1479686499.000000,"2019-11-21 16:01:39","INFO","SIGN_HY","7"
1479686501.000000,"2019-11-21 16:01:41","INFO","SIGN_HY","5"
1479686503.000000,"2019-11-21 16:01:43","INFO","SIGN_HY","15"
1479686506.000000,"2019-11-21 16:01:46","INFO","SIGN_HY","4"
1479686508.000000,"2019-11-21 16:01:48","INFO","SIGN_HY","7"
1479686510.000000,"2019-11-21 16:01:50","INFO","SIGN_HY","8"
1479686512.000000,"2019-11-21 16:01:52","INFO","SIGN_HY","4"
1479686515.000000,"2019-11-21 16:01:55","INFO","SIGN_HY","8"
1479686517.000000,"2019-11-21 16:01:57","INFO","SIGN_HY","3"
1479686519.000000,"2019-11-21 16:01:59","INFO","SIGN_HY","6"
1479686522.000000,"2019-11-21 16:02:02","INFO","SIGN_HY","3"
1479686524.000000,"2019-11-21 16:02:04","INFO","SIGN_HY","3"
1479686526.000000,"2019-11-21 16:02:06","INFO","SIGN_HY","4"
1479686529.000000,"2019-11-21 16:02:09","INFO","SIGN_HY","3"
1479686531.000000,"2019-11-21 16:02:11","INFO","SIGN_HY","3"
1479686533.000000,"2019-11-21 16:02:13","INFO","SIGN_HY","3"
1479686535.000000,"2019-11-21 16:02:15","INFO","SIGN_HY","2"
1479686538.000000,"2019-11-21 16:02:18","INFO","SIGN_HY","7"
1479686540.000000,"2019-11-21 16:02:20","INFO","SIGN_HY","3"
1479686542.000000,"2019-11-21 16:02:22","INFO","SIGN_HY","2"
1479686544.000000,"2019-11-21 16:02:24","INFO","SIGN_HY","8"
1479686547.000000,"2019-11-21 16:02:27","INFO","SIGN_HY","6"
1479686549.000000,"2019-11-21 16:02:29","INFO","SIGN_HY","3"
1479686551.000000,"2019-11-21 16:02:31","INFO","SIGN_HY","2"
1479686553.000000,"2019-11-21 16:02:33","INFO","SIGN_HY","3"
1479686556.000000,"2019-11-21 16:02:36","INFO","SIGN_HY","6"
1479686558.000000,"2019-11-21 16:02:38","INFO","SIGN_HY","4"
1479686560.000000,"2019-11-21 16:02:40","INFO","SIGN_HY","6"
1479686563.000000,"2019-11-21 16:02:43","INFO","SIGN_HY","7"
1479686565.000000,"2019-11-21 16:02:45","INFO","SIGN_HY","2"
1479686567.000000,"2019-11-21 16:02:47","INFO","SIGN_HY","2"
1479686569.000000,"2019-11-21 16:02:49","INFO","SIGN_HY","3"
1479686572.000000,"2019-11-21 16:02:52","INFO","SIGN_HY","4"
1479686574.000000,"2019-11-21 16:02:54","INFO","SIGN_HY","8"
1479686576.000000,"2019-11-21 16:02:56","INFO","SIGN_HY","3"
1479686578.000000,"2019-11-21 16:02:58","INFO","SIGN_HY","2"
1479686581.000000,"2019-11-21 16:03:01","INFO","SIGN_HY","17"
1479686583.000000,"2019-11-21 16:03:03","INFO","SIGN_HY","2"
1479686585.000000,"2019-11-21 16:03:05","INFO","SIGN_HY","13"
1479686587.000000,"2019-11-21 16:03:07","INFO","SIGN_HY","3"
1479686590.000000,"2019-11-21 16:03:10","INFO","SIGN_HY","3"
1479686592.000000,"2019-11-21 16:03:12","INFO","SIGN_HY","3"
1479686594.000000,"2019-11-21 16:03:14","INFO","SIGN_HY","6"
1479686596.000000,"2019-11-21 16:03:16","INFO","SIGN_HY","7"
1479686599.000000,"2019-11-21 16:03:19","INFO","SIGN_HY","5"
1479686601.000000,"2019-11-21 16:03:21","INFO","SIGN_HY","4"
1479686603.000000,"2019-11-21 16:03:23","INFO","SIGN_HY","3"
1479686605.000000,"2019-11-21 16:03:25","INFO","SIGN_HY","2"
1479686608.000000,"2019-11-21 16:03:28","INFO","SIGN_HY","10"
1479686610.000000,"2019-11-21 16:03:30","INFO","SIGN_HY","2"
1479686612.000000,"2019-11-21 16:03:32","INFO","SIGN_HY","2"
1479686614.000000,"2019-11-21 16:03:34","INFO","SIGN_HY","2"
1479686617.000000,"2019-11-21 16:03:37","INFO","SIGN_HY","2"
1479686619.000000,"2019-11-21 16:03:39","INFO","SIGN_HY","5"
1479686621.000000,"2019-11-21 16:03:41","INFO","SIGN_HY","6"
1479686624.000000,"2019-11-21 16:03:44","INFO","SIGN_HY","3"
1479686626.000000,"2019-11-21 16:03:46","INFO","SIGN_HY","2"
1479686628.000000,"2019-11-21 16:03:48","INFO","SIGN_HY","2"
1479686630.000000,"2019-11-21 16:03:50","INFO","SIGN_HY","3"
1479686633.000000,"2019-11-21 16:03:53","INFO","SIGN_HY","12"
1479686635.000000,"2019-11-21 16:03:55","INFO","SIGN_HY","4"
1479686637.000000,"2019-11-21 16:03:57","INFO","SIGN_HY","3"
1479686639.000000,"2019-11-21 16:03:59","INFO","SIGN_HY","2"
1479686642.000000,"2019-11-21 16:04:02","INFO","SIGN_HY","2"
1479686644.000000,"2019-11-21 16:04:04","INFO","SIGN_HY","2"
1479686646.000000,"2019-11-21 16:04:06","INFO","SIGN_HY","2"
1479686648.000000,"2019-11-21 16:04:08","INFO","SIGN_HY","3"
1479686651.000000,"2019-11-21 16:04:11","INFO","SIGN_HY","2"
1479686653.000000,"2019-11-21 16:04:13","INFO","SIGN_HY","3"
1479686655.000000,"2019-11-21 16:04:15","INFO","SIGN_HY","6"
1479686657.000000,"2019-11-21 16:04:17","INFO","SIGN_HY","2"
1479686660.000000,"2019-11-21 16:04:20","INFO","SIGN_HY","2"
1479686662.000000,"2019-11-21 16:04:22","INFO","SIGN_HY","2"
1479686664.000000,"2019-11-21 16:04:24","INFO","SIGN_HY","2"
1479686666.000000,"2019-11-21 16:04:26","INFO","SIGN_HY","9"
1479686669.000000,"2019-11-21 16:04:29","INFO","SIGN_HY","6"
1479686671.000000,"2019-11-21 16:04:31","INFO","SIGN_HY","2"
1479686673.000000,"2019-11-21 16:04:33","INFO","SIGN_HY","2"
1479686675.000000,"2019-11-21 16:04:35","INFO","SIGN_HY","5"
1479686678.000000,"2019-11-21 16:04:38","INFO","SIGN_HY","4"
